<application>
  <component name="GeneralSettings">
    <option name="showTipsOnStartup" value="true" />
  </component>
  <component name="Registry">
    <entry key="ide.experimental.ui" value="true" />
  </component>
  <component name="StatusBar">
    <option name="widgets">
      <map>
        <entry key="ClangTidyStatusBarWidget" value="false" />
        <entry key="CodeStyleStatusBarWidget" value="false" />
        <entry key="Encoding" value="false" />
        <entry key="IdeaVim-Icon" value="false" />
        <entry key="IdeaVimMode" value="false" />
        <entry key="LanguageServiceStatusBarWidget" value="false" />
        <entry key="LineSeparator" value="false" />
        <entry key="Position" value="false" />
        <entry key="ReadOnlyAttribute" value="false" />
        <entry key="SendFeedbackPanel" value="false" />
        <entry key="ocResolveContextPanel" value="false" />
      </map>
    </option>
  </component>
</application>